{"cameraMode":{"drawMode":0,"name":"Shaded","section":"Shading Mode"},"sceneLighting":true,"audioPlay":false,"sceneViewState":{"showFog":true,"showMaterialUpdate":false,"showSkybox":true,"showFlares":true,"showImageEffects":true,"showParticleSystems":true},"in2DMode":false,"pivot":{"x":-18.105445861816408,"y":-45.662113189697269,"z":85.12457275390625},"rotation":{"x":-0.265530526638031,"y":0.01937423273921013,"z":-0.00533691281452775,"w":-0.963893473148346},"size":97.06855773925781,"orthographic":false}